"Transect_ID","Width_per_Side_m","Belt_Perimeter_m","Belt_Area_m2","Length_m","Depth_Mean","Slope_Mean","Rugosity_Mean","Seabird_N15_Mean","Depth_SD","Slope_SD","Rugosity_SD","Seabird_N15_SD","Depth_Min","Slope_Min","Rugosity_Min","Seabird_N15_Min","Depth_Max","Slope_Max","Rugosity_Max","Seabird_N15_Max","Dominant_Habitat","Live_Coral_m2","Grazing_Surface_Area","REI","Fishing_Proximity","Native_Vegetation","Long_UTM6S","Lat_UTM6S"
"Aie_North_Site_2_1",2.5,71.1790145542,152.946401846,30.5895072771,-0.720382784786157,6.15221136724773,1.0239555653189,5.7758920802104,0.123811615587717,5.95534265304508,0.0296520718738474,0.375767489173827,-0.939999997615814,6.33602243886372e-15,1.00059568881989,4.50652837753296,-0.229999989271164,31.9929161071777,1.17535626888275,6.83649301528931,"Live Coral",70.1918721856782,89.9661880864733,48921.7224563291,1591.74539689212,91.72,229998.5212,8117881.5362
"Aie_North_Site_2_2",2.5,52.2469942156,105.619073422,21.1234971078,-0.652083318224367,11.1143906415952,1.06383836624168,4.68965811551023,0.190965283738257,8.85915750070871,0.0637388892226176,0.515973218552413,-1.01999998092651,1.89727484212199e-06,1.00167059898376,3.28749942779541,-0.219999998807907,45.5842628479004,1.3234531879425,6.20929622650146,"Live Coral",95.9121607076377,105.619073422102,53395.3945321596,1606.30768845174,91.72,230025.40575,8117903.47765
"Aie_North_Site_2_3",2.5,62.9879109963,132.470284541,26.4939554981,-0.8215703421977,8.85437310666482,1.05379914775501,3.39820202105228,0.202576382008689,11.5645962111529,0.0782712113463224,0.47992395670086,-1.0900000333786,5.8244690664681e-16,1.00056779384613,1.70855927467346,-0.189999997615814,48.2114601135254,1.47562062740326,5.63710117340088,"Algae",55.1186121632982,125.390614291658,53412.7170841626,1629.93223204798,91.72,230013.9186,8117926.63835
"Aie_North_Site_2_4",2.5,53.5325849631,108.832401976,21.7662924816,-0.768228458684703,10.5808623322505,1.05907524707696,2.58101550099865,0.173766232724111,9.67240842690098,0.0676096367523042,0.431253834229417,-1.03999996185303,1.0823265874304e-14,1.00095856189728,1.01341342926025,-0.229999989271164,48.9015617370605,1.530268907547,4.26185750961304,"Live Coral",108.087972530047,108.832401976324,53411.9119137595,1645.1541583901,91.72,230017.44625,8117942.1868
"Aie_South_Site_1_1",2.5,63.5822977291,133.95553693,26.7911488645,-0.82811826147059,8.18944164413633,1.05126082464572,4.46155991156896,0.16298148857035,9.99504647832733,0.0835911921532542,0.485108341423696,-1.03999996185303,1.89727484212199e-06,1.00114619731903,3.10138058662415,-0.219999998807907,47.9306297302246,1.4960412979126,6.64593076705933,"Live Coral",99.6154526058581,127.908013525453,53010.641509539,1285.8905279807,91.72,230129.49095,8117599.69795
"Aie_South_Site_1_2",2.5,61.1362557916,127.839099393,25.5681278958,-0.641960630356972,11.8670938785559,1.08842556047674,5.68408090248966,0.199266635366149,10.8233275290241,0.0833144034878053,0.629068546185275,-1.01999998092651,1.34157585307548e-06,1.00092327594757,3.08884978294373,-0.209999993443489,44.5969505310059,1.44407105445862,7.40470600128174,"Live Coral",120.44341676659,125.509159056055,52110.1254763895,1310.80814492953,91.72,230123.3353,8117622.5402
"Aie_South_Site_1_3",2.5,70.719858774,151.802128918,30.359929387,-0.992290787067187,9.3765859925309,1.0572784214416,3.17573430831779,0.226981323233784,12.1927981293924,0.0900316649644525,0.471309314257353,-1.27999997138977,1.32937577436497e-14,1.0007758140564,0.842871844768524,-0.229999989271164,55.2597351074219,1.54893577098846,5.76605701446533,"Bare",41.140441940981,83.8532280162908,53099.6087052819,1257.62295279506,91.72,230113.34455,8117571.30705
"Aie_South_Site_1_4",2.5,55.4794526844,113.698854232,22.7397263422,-0.761140120921395,10.9106475972789,1.06351109138105,2.24183275004936,0.258702957377672,11.9116279238082,0.0929619664539234,0.713437447841074,-1.1599999666214,6.6861447781607e-15,1.00085437297821,0.738133728504181,-0.179999992251396,54.6403961181641,1.53863298892975,4.45879077911377,"Live Coral",59.6555837267952,59.6555837267952,53691.2317740504,1227.562826489,91.72,230123.35765,8117538.5487
"Hiraanae_Auroa_Hoa_1",2.5,69.1998848977,148.001106444,29.5999424489,-1.10004252908259,19.8184795099914,1.15525077440094,9.77646459764985,0.436571944091075,15.1230327187153,0.154714058193392,0.652106332081837,-2.15999984741211,0.318302512168884,0.99483060836792,6.69494533538818,-0.159999996423721,67.0855102539062,2.02149367332458,11.9853391647339,"Live Coral",131.041005439911,144.644238097208,6001.75684515046,1067.52144798127,22.56,227261.1341,8119977.5666
"Hiraanae_Auroa_Hoa_2",2.5,62.2979535623,130.745526233,26.1489767811,-1.58761704115828,22.665726254589,1.15277934698362,11.9825313754647,0.662449000265069,17.9817126986721,0.151648013032971,1.18151256432241,-2.6399998664856,0.71173882484436,0.995009183883667,8.10466861724854,-0.28999999165535,71.2874221801758,1.89182543754578,16.8839073181152,"Live Coral",74.2006127159111,118.049689398322,9438.55747927656,1067.90030022052,22.56,227238.65455,8119985.4119
"Hiraanae_Auroa_Hoa_3",2.5,77.465101529,168.66592584,33.7325507645,-1.0616168371514,22.2618277117594,1.15609641877284,10.6357017018879,0.419119017692748,15.1862992072992,0.135654814269224,0.732278477719902,-2.0699999332428,0.318306297063828,0.994936525821686,7.98456430435181,-0.259999990463257,64.1102294921875,1.82465934753418,13.5047740936279,"Live Coral",118.182770406303,134.94696955058,4982.0428040538,1125.77269083893,22.56,227325.04245,8120020.3154
"Hiraanae_Auroa_Hoa_4",2.5,64.6000370265,136.501375682,27.3000185132,-0.891701826181921,17.4145284140763,1.10467653188825,9.04556190118311,0.399765111311108,13.9309820607752,0.117805046701982,0.588630478656175,-1.68999993801117,0.318306297063828,0.995789110660553,7.30243730545044,-0.259999990463257,63.2693901062012,1.70766186714172,10.8109178543091,"Live Coral",95.4923297881614,113.955889326762,5059.59948553843,1134.18207592839,22.56,227288.0333,8120039.2106
"Hiraanae_Lagoon_Side_Southwest_1",2.5,74.3443738439,160.860387874,32.1721869219,-1.31485999024328,4.1999657347379,1.02088508079994,8.16197705348956,0.0508461501260323,3.38104556587771,0.0202740898595571,0.389490858899046,-1.44999992847443,4.097853919258e-15,1.00075376033783,6.64119005203247,-0.909999966621399,31.3503665924072,1.21690428256989,9.56187152862549,"Bare",19.9956042288809,19.9956042288809,15323.6661952967,1029.92118371319,10.87,227529.7732,8119805.5043
"Hiraanae_Lagoon_Side_Southwest_2",2.5,66.2544151298,140.633518762,28.1272075649,-1.04238641340231,6.56924410520581,1.0368985650788,7.73940025379623,0.163805179445552,10.2344085792268,0.0730273149287793,0.383752338365752,-1.26999998092651,1.82041991683289e-15,1.00038659572601,5.79814624786377,-0.25,52.2605667114258,1.46666669845581,9.60470581054688,"Bare",31.650556044071,41.1833320794394,12854.9683238271,1058.18044002184,10.87,227568.0263,8119813.7
"Hiraanae_Lagoon_Side_Southwest_3",2.5,75.4242666152,163.56147363,32.7121333076,-1.17406264683124,5.80475723235538,1.03339117447579,9.01489534792237,0.0796288045656831,5.98461597820972,0.0466843437886415,0.353644060057047,-1.33999991416931,2.68100285014442e-15,1.00060880184174,7.22862815856934,-0.759999990463257,38.6793365478516,1.36061501502991,10.3354969024658,"Bare",23.7902072940306,23.7902072940306,15325.6733041247,1030.30599220519,10.87,227520.60035,8119814.35415
"Hiraanae_Lagoon_Side_Southwest_4",2.5,67.1592948397,142.896071699,28.5796474199,-0.732264133313167,6.86435323724957,1.03744739414011,9.32927207766839,0.101357830809121,5.74094514525879,0.0436566025862805,0.370680263091935,-0.959999978542328,1.0369523876987e-14,1.00145149230957,8.12230682373047,-0.280000001192093,36.2945556640625,1.36912763118744,10.8682889938354,"Live Coral",115.483811239246,116.196595665591,12795.5010711729,1068.64043152512,10.87,227550.62315,8119840.8245
"Honuea_Southwest_Point_1",2.5,78.5231853468,171.305385034,34.2615926734,-0.674188960447243,4.71051149850686,1.0201222443518,2.34241257123747,0.0760858775272669,5.85953330457449,0.042309177637217,0.340655706367978,-0.849999964237213,5.43290193445755e-15,1.00026118755341,0.995915830135345,-0.0899999961256981,41.1937942504883,1.53277134895325,4.0161657333374,"Bare",19.7911838983237,19.7911838983237,3631.27744391115,2190.65197558517,66.02,224332.0054,8117829.5045
"Honuea_Southwest_Point_2",2.5,62.1639525858,130.40956885,26.0819762929,-0.719088381125453,5.01229943238322,1.02097439996445,1.69577344054181,0.0810112149492095,5.63875677264014,0.0352783123046185,0.298476279185337,-0.879999995231628,1.21583134659871e-14,1.00049316883087,0.879842460155487,-0.280000001192093,36.8600845336914,1.26958703994751,3.20884156227112,"Bare",5.30766940943431,5.30766940943431,4357.48578751852,2208.00370139268,66.02,224310.04305,8117838.5714
"Honuea_Southwest_Point_3",2.5,67.4679726156,143.668857807,28.7339863078,-0.745037574423734,6.30283461363045,1.03122167472254,0.658444646281426,0.0986749090998086,7.31822949204412,0.0591542084819358,0.336017675709778,-0.969999969005585,6.31093544054841e-15,1.00106382369995,0,-0.280000001192093,44.3788871765137,1.51308190822601,2.12692093849182,"Bare",8,8,4262.65179873348,2231.38265514569,66.02,224290.4111,8117832.5533
"Honuea_Southwest_Point_4",2.5,54.531123822,111.326422561,22.265561911,-0.865307422758692,5.76566019889756,1.02328017382946,0.0235010480129953,0.11960048947982,7.01616380313826,0.0429551399401109,0.0962259166005108,-1.10000002384186,6.00655923315026e-15,1.00042855739594,0,-0.28999999165535,41.2560157775879,1.31205201148987,0.857421934604645,"Bare",17.6378351390595,18.0759311422007,4463.5385004342,2250.256494456,66.02,224266.9013,8117837.7792
"Onetahi_Airstrip_Resort_1",2.5,64.2576539407,135.645040155,27.1288269703,-1.0772081900892,3.78370243245015,1.0174982549341,0.0214852237814384,0.0942118751366231,7.11069187728171,0.0545313783904653,0.0889640787330182,-1.26999998092651,4.96279462532492e-16,1.00037252902985,0,-0.329999983310699,51.2959480285645,1.60901033878326,0.936485588550568,"Bare",7.96379895645077,63.5424457544286,4899.37307046142,3124.63188494089,3.52,223709.826,8116739.8409
"Onetahi_Airstrip_Resort_2",2.5,57.7113853622,119.279938796,23.8556926811,-1.02785065967932,8.94185533766743,1.06329228489647,4.85986370037044e-05,0.145567917968197,11.4374462376424,0.107405561433838,0.0017696845169937,-1.19999992847443,8.38766911540723e-16,1.00042271614075,0,-0.179999992251396,57.146110534668,1.69132733345032,0.0644417926669121,"Algae",50.1406431476644,119.279938794631,5011.06599279701,3097.43201872669,3.52,223718.31155,8116782.86495
"Onetahi_Airstrip_Resort_3",2.5,66.3997884005,141.000398334,28.1998942002,-1.14054276129067,8.24151329579541,1.04800177039162,0.0474418014537487,0.125837864278752,8.82876858138432,0.0759530557958675,0.140854620090227,-1.35000002384186,3.7185000494348e-14,1.00100767612457,0,-0.449999988079071,49.9111175537109,1.48968780040741,1.34079134464264,"Live Coral",88.7537624697143,128.429259614466,4854.40880817701,3055.47775676003,3.52,223754.89895,8116795.69765
"Onetahi_Airstrip_Resort_4",2.5,72.3037144542,155.760751652,31.1518572271,-1.07795491518484,8.9528113700867,1.06436154637152,0.707201800159685,0.162187641419627,11.4341657208748,0.117333672372279,0.381874864558894,-1.26999998092651,1.46375318922718e-15,1.00041282176971,0,-0.229999989271164,57.2278099060059,1.93021559715271,2.43021202087402,"Live Coral",68.516078799963,132.192976318533,4740.53892543323,3074.54064141248,3.52,223750.6141,8116757.26965
"Oroatera_Lagoon_Side_Southwest_1",2.5,69.9868482874,149.968920608,29.9934241437,-0.874918899879799,4.03840267781134,1.00815082140513,9.76423404968537,0.0792141916628481,2.93997675391792,0.00942051008600642,0.270794508824575,-1.02999997138977,7.08108490124633e-15,1.0002818107605,8.78620338439941,-0.5,21.1315460205078,1.08941352367401,10.7518396377563,"Bare",12.915392100811,12.915392100811,5163.63003193515,1710.91763915623,9.49,228579.98005,8119674.73855
"Oroatera_Lagoon_Side_Southwest_2",2.5,66.0393357564,140.099921354,28.0196678782,-0.822143754370711,4.2905289317853,1.00714462176826,9.80741656515197,0.0919308307145877,2.84083569609745,0.00636552920780923,0.281452989855537,-1.02999997138977,0.318306297063828,1.00032269954681,8.66224479675293,-0.449999988079071,21.5806980133057,1.05835950374603,10.8353052139282,"Bare",15.8922894685529,15.8922894685529,3953.9788949249,1745.30625798029,9.49,228620.471,8119674.7116
"Oroatera_Lagoon_Side_Southwest_3",2.5,59.6550467055,124.138087837,24.8275233527,-0.774840562585471,7.10288516779011,1.01885264826858,9.66184484578561,0.179977968210956,5.93923277333823,0.0212434606310757,0.456808810431876,-1.04999995231628,1.89727484212199e-06,1.00033950805664,8.69170093536377,-0.280000001192093,38.6712608337402,1.12991607189178,11.3338489532471,"Bare",19.4109392056998,19.4109392056998,5289.33463318658,1679.37933085803,9.49,228540.0188,8119674.9938
"Oroatera_Lagoon_Side_Southwest_4",2.5,63.7130810564,134.281681915,26.8565405282,-0.951411267361974,2.93294238275097,1.00503474217589,9.04495742885015,0.0593159604761295,1.57394397033409,0.00379304333827259,0.226999671918396,-1.12000000476837,1.06411139800958e-14,1.00030529499054,8.23265266418457,-0.75,9.21629047393799,1.02683925628662,9.72607231140137,"Bare",0,0,4533.58542860923,1643.64238016269,9.49,228501.6837,8119673.11075
"Reiono_Exposed_Southeast_1",2.5,72.7793746048,156.950504285,31.3896873024,-0.779472458902576,12.4833285273895,1.0869320825836,4.17447463716936,0.306643504309312,10.8311647013006,0.103972811376446,0.479544715840543,-1.62000000476837,1.09410644403445e-14,0.99989902973175,2.15210556983948,-0.259999990463257,54.722469329834,1.67960333824158,6.42242622375488,"Live Coral",156.95050428476,156.95050428476,53538.4108543684,696.780356436336,93.64,229245.1075,8113715.26995
"Reiono_Exposed_Southeast_2",2.5,64.0620818334,135.156731317,27.0310409167,-0.840073167306141,14.8906508889119,1.10559856812318,4.12381044547715,0.27085096323252,13.867448031601,0.116899398627162,0.51814424009944,-1.25999999046326,1.19691769380958e-14,1.00055575370789,2.74172568321228,-0.25,56.9873275756836,1.64039552211761,6.29439306259155,"Live Coral",93.7950556372534,110.360725967767,53588.4746767273,668.535294938632,93.64,229251.9008,8113684.4079
"Reiono_Exposed_Southeast_3",2.5,67.1230259432,142.807110193,28.5615129716,-0.770939452820287,16.4121379123585,1.1184293034699,2.99049648874842,0.27906162676083,11.6437490662014,0.114663896525107,0.640680847714446,-1.4099999666214,0.318305373191833,0.998854756355286,0.0302962549030781,-0.259999990463257,56.4594573974609,1.72679471969604,4.75593376159668,"Live Coral",142.145880352706,142.807110192196,53773.8881809578,669.189803761437,93.64,229274.84985,8113680.831
"Reiono_Exposed_Southeast_4",2.5,64.8743005278,137.188519932,27.4371502639,-0.890420204643662,4.03492070736747,1.01194524459751,6.29452281615019,0.104886305282845,4.33842058394061,0.0249214933125936,0.330934514725239,-1.04999995231628,4.01605001831102e-15,1.00051581859589,4.94333982467651,-0.340000003576279,31.6866989135742,1.22251987457275,7.40150547027588,"Bare",31.5625315056241,31.6175931457838,53535.665942814,634.59209799007,93.64,229213.4027,8113655.0047
"Reiono_Exposed_Southeast_5",2.5,58.6266074699,121.568234595,24.3133037349,-1.02198216228372,13.8316476876946,1.09755112395609,5.91932328258874,0.290840362021898,11.9197671793533,0.116079640966297,0.486920662479166,-1.52999997138977,0.318306297063828,1.00069653987885,4.41481399536133,-0.299999982118607,53.2963027954102,1.88755059242249,7.9186749458313,"Live Coral",97.1315146453562,110.709740893421,53631.6283272437,659.240460464966,93.64,229211.47275,8113680.50405
"Reiono_Protected_Southwest_1",2.5,67.9310302779,144.826474868,28.965515139,-0.546479737238721,11.0159207489632,1.06598814113118,6.50697318311792,0.152942071943453,8.55873611618744,0.0676126472256484,0.423372090041522,-1.41999995708466,0.318304419517517,1.00199854373932,4.94309711456299,-0.259999990463257,57.5229415893555,1.50452709197998,7.84883594512939,"Live Coral",144.826474867295,144.826474867295,2582.10024620525,560.548127565199,93.64,228760.6472,8113534.935
"Reiono_Protected_Southwest_2",2.5,69.9580530247,149.89581485,29.9790265124,-0.57267984237781,11.6651753184321,1.06852503245969,6.3230249647328,0.241161353059861,10.1090456779256,0.0870678718701256,0.483738650453853,-1.19999992847443,2.93514153344092e-15,1.00074744224548,4.51749086380005,-0.239999994635582,54.1514015197754,1.64824998378754,7.57079553604126,"Live Coral",127.144375964854,149.89581484966,2557.41587517404,521.976937567031,93.64,228765.93965,8113496.6895
"Reiono_Protected_Southwest_3",2.5,79.314548087,173.28711521,34.6572740435,-0.935231072843826,14.5798423728835,1.10950361486493,6.65316214581498,0.369921302754893,12.9452788335349,0.145630469760692,0.579851444592799,-1.5699999332428,0.318305373191833,0.999462306499481,3.76962947845459,-0.259999990463257,61.8544120788574,2.11360955238342,9.07676315307617,"Live Coral",170.770283722576,173.287115209295,2486.60235524685,550.68353782165,93.64,228777.16625,8113534.31995
"Reiono_Protected_Southwest_4",2.5,63.8272012137,134.566598877,26.9136006068,-0.669759019271756,15.0715078175307,1.10028345996596,6.62666312789662,0.230157214781549,10.4259238778753,0.0859885419043755,0.561833383075186,-1.25,0.318306297063828,1.00437867641449,4.75277900695801,-0.25,51.4613418579102,1.69876956939697,8.36476230621338,"Live Coral",127.709279968403,134.566598877107,2484.71479027043,511.445634552025,93.64,228778.8343,8113488.1096
"Rimatuu_Exposed_Southeast_1",2.5,67.3356564124,143.339986235,28.6678282062,-0.831175342211553,15.0524592848798,1.13006088727679,6.12932039161361,0.305440908167286,13.1270906103996,0.165850428341166,0.625189770373517,-1.59999990463257,5.36630386704928e-06,1.00135624408722,4.01385545730591,-0.149999991059303,63.6835708618164,2.0427074432373,8.85028743743896,"Live Coral",137.913468144368,137.913468144368,47583.8992289714,717.763065390682,31.92,227944.88175,8114985.44045
"Rimatuu_Exposed_Southeast_2",2.5,70.7702012367,151.924845588,30.3851006183,-1.31712674834187,15.6559913361807,1.09075591487201,4.80692379028311,0.451154319569859,13.8105372790825,0.130428701851893,0.598147569984407,-1.91999995708466,0.318302512168884,0.998977303504944,3.21387195587158,-0.179999992251396,65.4094543457031,2.24395370483398,8.04914283752441,"Live Coral",142.009524190798,151.924845588335,47807.4715590246,709.555623088372,31.92,227925.6539,8114948.7015
"Rimatuu_Exposed_Southeast_3",2.5,66.183201891,140.458762109,28.0916009455,-1.28229631193943,18.5024919855319,1.1324964319765,4.83194206309976,0.388375842200178,16.665169025572,0.154298050357701,0.548201945565594,-1.9099999666214,0.318306297063828,1.00153613090515,2.61258268356323,-0.159999996423721,65.2191925048828,2.0704345703125,7.69535779953003,"Live Coral",126.283362176269,140.458762109862,48073.634871269,734.33061268658,31.92,227960.54105,8114969.2009
"Rimatuu_Exposed_Southeast_4",2.5,73.0730409258,157.681160844,31.5365204629,-0.984249834861676,21.1133173130202,1.15701356657695,4.49965065530689,0.349162426797455,13.7619350388066,0.155649846672386,0.616995965822328,-2.02999997138977,0.318306297063828,1.00064778327942,2.33174777030945,-0.170000001788139,65.572135925293,2.19439697265625,7.64379167556763,"Live Coral",157.331930000102,157.681160841108,47814.1574604619,711.957788881499,31.92,227932.12645,8114942.52955
"Rimatuu_Protected_Southwest_1",2.5,70.9519128099,152.377643635,30.475956405,-1.0645904304722,16.3552688787492,1.13517262658865,1.39144533522686,0.392312125018371,16.4590223001161,0.1650464073574,0.637095136289024,-1.64999997615814,3.71609998157875e-15,1.00024461746216,0,-0.179999992251396,62.4262390136719,1.98299217224121,4.43340110778809,"Live Coral",104.581624746366,152.377643635016,2743.13285813989,208.342399999286,31.92,227341.10135,8115454.0924
"Rimatuu_Protected_Southwest_2",2.5,69.5683264591,148.923414378,29.7841632296,-0.890417150486409,18.6430046945833,1.14430361114073,1.25291456272454,0.35342127304085,14.9714228815255,0.15227048160929,0.644641785414574,-1.4099999666214,3.79454968424398e-06,1.00029182434082,0,-0.199999988079071,61.7353515625,1.88739502429962,4.28409385681152,"Live Coral",147.286837015767,148.923414379227,2933.71974839228,171.197180975277,31.92,227333.10955,8115413.5689
"Rimatuu_Protected_Southwest_3",2.5,75.9732565603,164.934607659,32.9866282802,-1.05190395795935,11.7738851726348,1.07070875005259,2.70001028978103,0.248110601138627,12.5262121580135,0.091335011577997,0.491317865150872,-1.39999997615814,8.15644277921308e-15,1.00038039684296,0.461851328611374,-0.219999998807907,53.6114044189453,1.54818475246429,4.81270265579224,"Live Coral",134.863613838708,164.934607658681,2510.89296700745,215.530847554229,31.92,227365.7385,8115443.83985
"Rimatuu_Protected_Southwest_4",2.5,52.5117891264,106.280215703,21.2558945632,-0.845135571656086,16.4758718800242,1.09974756695456,3.04516192432177,0.321169237061717,13.9671522834298,0.0926584250750632,0.558498802505911,-1.27999997138977,0.318306297063828,1.00011050701141,1.56382298469543,-0.179999992251396,55.9073448181152,1.45495247840881,4.67419576644897,"Live Coral",102.482539531775,106.280215702654,2469.30462223378,258.924145833012,31.92,227371.00005,8115489.47685
"Tauini_Hoa_1",2.5,63.1721964943,132.93017908,26.5860982471,-1.77962106571146,12.2842428810058,1.06721010542045,11.9077275028409,0.338578790123881,14.8330467499093,0.14382808903432,0.797606728083082,-2.39999985694885,0.450148463249207,1.00017631053925,8.76163196563721,-0.359999984502792,69.777587890625,2.46797585487366,14.6123371124268,"Algae",24.5788573848431,86.7631723602344,2868.94673076631,1087.08768098986,47.15,226963.7934,8120062.544
"Tauini_Hoa_2",2.5,69.4725515892,148.68054664,29.7362757946,-1.09047905302828,17.389452895101,1.11606936775749,11.5129221123302,0.373090210762788,15.5112939029061,0.135919798659958,0.631110783175324,-1.59999990463257,0.318306297063828,1.00079596042633,9.19209861755371,-0.280000001192093,62.1560668945312,1.83190977573395,13.5963220596313,"Live Coral",61.6935687270052,133.255707049804,3161.89793553371,1127.57698284032,47.15,226957.3731,8120105.31495
"Tauini_Hoa_3",2.5,68.1516716805,145.377198118,29.0758358403,-1.14092934203635,21.7459771586432,1.13131898955489,11.2247331629898,0.507792218421779,17.272536126663,0.14544905032481,0.738814965815886,-2.04999995231628,0.318307250738144,0.993838727474213,9.03257942199707,-0.269999980926514,65.7620620727539,2.43805336952209,14.728741645813,"Live Coral",114.119904178544,137.822068183421,3209.42514345622,1121.99629679569,47.15,226978.7882,8120097.4007
"Tauini_Hoa_4",2.5,59.0237673992,122.559328876,24.5118836996,-1.01012497743701,16.8199637834863,1.11332395111813,11.0626603245735,0.38308310278718,14.8698698599897,0.160102874219212,0.672281199922697,-1.62000000476837,1.34157596676232e-06,0.99721622467041,9.3839635848999,-0.280000001192093,62.8506965637207,2.28721880912781,14.1748170852661,"Live Coral",79.3855448806717,98.6128809899456,3975.58471784812,1163.13578447544,47.15,226977.74345,8120136.5323
"Tiaraunu_Lagoon_Southeast_1",2.5,60.0393272023,125.099746978,25.0196636012,-0.654330919629378,2.86626189929319,1.00653659328282,0.521605318611347,0.0637191874254824,2.57093349907154,0.0110112827002055,0.33240612720334,-0.839999973773956,1.27833015965581e-15,1.00036311149597,0,-0.379999995231628,18.1698989868164,1.10680520534515,2.14840412139893,"Bare",44.760932076344,44.760932076344,24609.8683372926,1059.57977908981,23.9,226226.6159,8119884.56545
"Tiaraunu_Lagoon_Southeast_2",2.5,58.5743563818,121.435219601,24.2871781909,-0.614629615258288,5.00243280115736,1.01940295987659,3.60277860482534,0.0743599546349724,3.92227291299635,0.016465318016395,0.446637734175086,-0.779999971389771,4.13712067262682e-15,1.00192105770111,2.41161942481995,-0.299999982118607,21.5806999206543,1.09842157363892,4.8418550491333,"Bare",8.45530030276859,8.45530030276859,17834.0381379,1105.3520599243,23.9,226236.9389,8119950.534
"Aie_Leeward_01E",2.5,67.3500461695,143.37635377,28.6750230848,-0.762365099271687,7.71903459823117,1.04862856446126,5.69839195475225,0.153206738861553,10.6856398124769,0.0811245637259951,0.401365289798867,-0.959999978542328,4.08008825022229e-15,1.00047552585602,4.32416677474976,-0.199999988079071,46.2700386047363,1.48887991905212,7.56623697280884,"Bare",47.6740188086405,57.9919218703581,45155.2733166558,1340.13419091979,91.72,230053.76825,8117638.58145
"Aie_Leeward_02D",2.5,68.3532768531,145.885191421,29.1766384266,-0.558372364890487,7.49653350366234,1.03395903624971,7.2597667582967,0.131211554771554,7.76009290864184,0.0399294412832608,0.500380649746082,-0.819999992847443,1.92731102785341e-15,1.00027525424957,6.07171297073364,-0.219999998807907,37.1866493225098,1.24347770214081,8.7076530456543,"Live Coral",88.9617875335571,110.469004118057,39416.1315745303,1375.62552687167,91.72,230049.0567,8117669.19375
"Aie_Leeward_03B",2.5,65.4417355921,138.604943267,27.7208677961,-0.468708618769469,4.08558308523858,1.01202778465016,8.77107324884899,0.0594254403476177,3.7063392848359,0.0125114323609691,0.300145124947387,-0.569999992847443,2.8020728691855e-15,1.00042307376862,7.49927854537964,-0.259999990463257,19.6282138824463,1.07729375362396,9.61487102508545,"Bare",9.49521826430282,58.5007088110287,21762.9178429775,1408.8335387759,91.72,230019.04635,8117703.52015
"Aie_Windward_01B",2.5,74.0298498778,160.074263887,32.0149249389,-0.478936996407329,5.50888015356683,1.01726546182944,7.65123556891228,0.0919839800856707,4.47542243627544,0.0199698356235671,0.481162236432386,-0.709999978542328,1.52970073928068e-15,1.00029289722443,6.44381856918335,-0.229999989271164,27.3454875946045,1.12607133388519,9.18524932861328,"Bare",37.6622738648093,87.650077841603,33606.5724905672,1560.47687076742,91.72,229990.262,8117852.9152
"Aie_Windward_02D",2.5,62.968939475,132.422528117,26.4844697375,-0.662258486824782,5.08640536719317,1.0186363017478,6.03997537489651,0.108999100122161,4.32829679693371,0.021365921594236,0.499242824854508,-0.879999995231628,1.39143804781688e-14,1.00054466724396,4.52888202667236,-0.25,35.4170570373535,1.19161081314087,8.0356616973877,"Algae",48.4193560699059,109.071361647075,42275.2525598689,1582.51336267772,91.72,229997.97315,8117874.4975
"Aie_Windward_03E",2.5,65.773675882,139.433434708,27.886837941,-0.799593789357666,4.28856364639366,1.0162709518681,5.3738216772762,0.0649230005270004,3.4885951834644,0.0199386738441429,0.354954164504396,-1,3.12997901658367e-15,1.00064635276794,3.70669460296631,-0.439999997615814,29.9194011688232,1.15630352497101,6.4790358543396,"Algae",45.8920219983702,113.969160660669,48903.6280998698,1590.85850745791,91.72,230011.07125,8117883.24905
"Hiraanae_Auroa_Leeward_01B",2.5,72.0502390641,155.127146761,31.025119532,-1.71349879082675,22.1863886774387,1.16865120504365,12.0797556950667,0.60155589676383,17.4454003344961,0.181134962606246,1.35500592015651,-2.60999989509583,0.318302512168884,0.996988296508789,8.01978206634521,-0.25,69.0720596313477,2.07308888435364,15.9830732345581,"Algae",41.8913773432432,155.127146759973,4014.523892869,1127.89912940658,22.56,227338.3403,8120009.74775
"Hiraanae_Auroa_Leeward_02D",2.5,69.5699928307,148.923938414,29.7849964153,-1.35346615127319,4.3976438710475,1.0054990934649,9.81114558148499,0.189403740318972,3.03036854157125,0.00700676259663037,0.407443734597111,-1.80999994277954,7.62591470412867e-15,0.999535977840424,8.8198413848877,-0.879999995231628,24.6135959625244,1.10049569606781,10.9508190155029,"Live Coral",86.9089517545362,148.923938414082,5070.02480622937,1180.18892072902,22.56,227349.7697,8120064.71145
"Hiraanae_Auroa_Leeward_03E",2.5,71.1745389667,152.934411454,30.5872694833,-1.3004051395115,6.80265658152362,1.02789394434102,9.32478454570804,0.185229900414823,6.02341135131821,0.0558326868916126,0.312171865433125,-1.66999995708466,1.04589637799535e-14,1.00014615058899,7.59617185592651,-0.550000011920929,42.0381469726562,1.54645240306854,11.039005279541,"Algae",62.0623659556732,152.934411455411,5144.65299573725,1213.33412475565,22.56,227355.32555,8120100.27495
"Onetahi_Leeward_01B",2.5,78.3592476473,170.898789781,34.1796238237,-0.929978903559664,5.80773439179551,1.02225158450727,3.76118041416365,0.102780526710925,6.98441919815559,0.0466264963750888,0.311034976006994,-1.16999995708466,6.41782676332717e-15,1.00061237812042,2.4426851272583,-0.299999982118607,50.2745094299316,1.37011468410492,5.2288236618042,"Bare",24.0813153119889,24.0813153119889,4022.75579643813,2888.6042402601,3.52,223894.36025,8116880.435
"Onetahi_Leeward_02D",2.5,67.844949927,144.61410153,28.9224749635,-0.960840576946513,2.20218567482724,1.00283325200954,3.54996298110648,0.0701061315257239,1.39538377380369,0.0018699322286814,0.194321674048576,-1.16999995708466,5.18312589435589e-15,1.00005888938904,2.97308993339539,-0.839999973773956,9.31658935546875,1.02162885665894,4.16506671905518,"Bare",0,0,3975.23515513146,2962.78101036766,3.52,223844.9103,8116817.1565
"Onetahi_Leeward_03E",2.5,70.776629075,151.944299958,30.3883145375,-1.07856548040946,4.20805895613515,1.01504486823972,1.74784987951145,0.0618052349550754,3.70189501103682,0.0233720319757942,0.355143022585144,-1.29999995231628,9.7764339484184e-15,1.00206065177917,0,-0.629999995231628,34.3778190612793,1.25185525417328,2.7967791557312,"Bare",11.040240038401,11.040240038401,4368.88493778176,3016.18163490118,3.52,223793.47465,8116799.1992
"Onetahi_Leeward_04B",2.5,74.6277774136,161.568064714,32.3138887068,-0.937660144198904,3.83991739747126,1.00924182811487,3.73197045817681,0.0692545574455726,3.33943754035347,0.0176365501332268,0.265142109689978,-1.11000001430511,1.04600585700378e-15,0.999946415424347,2.14375400543213,-0.639999985694885,25.0200042724609,1.16743445396423,5.08009147644043,"Bare",0,0,3938.66587499063,3063.90614602651,3.52,223781.748,8116711.3381
"Onetahi_Leeward_05D",2.5,72.3714297017,155.930528421,31.1857148508,-0.925653159049894,4.36830705984296,1.01999537166143,3.04026535163725,0.0707193129463679,6.1795115364462,0.0516722625409475,0.343243918923958,-1.04999995231628,1.15289675626607e-15,1.00019156932831,1.77856695652008,-0.340000003576279,43.7521171569824,1.53334999084473,4.6336088180542,"Live Coral",75.2608148785039,87.2811732193186,4005.89624969887,3107.29641820906,3.52,223749.72685,8116679.5742
"Onetahi_Leeward_06E",2.5,65.0017769965,137.503486732,27.5008884983,-1.10306480606943,5.0417055987656,1.02023370810873,1.57826359481224,0.149782838929181,8.51133461941651,0.0642158940285609,0.380901047730383,-1.35000002384186,1.36471534417713e-14,0.999962091445923,0.302543640136719,-0.269999980926514,57.6713562011719,1.44850170612335,3.2486047744751,"Bare",18.8900741785765,28.6200558443088,4551.24104014081,3170.97965669423,3.52,223695.68575,8116649.2346
"Onetahi_Leeward_07B",2.5,69.9357914998,149.837463116,29.9678957499,-0.756484026904568,2.13974604907209,1.00348713755392,3.81617990550616,0.0406503328906638,1.25926233975578,0.00293454242839599,0.205490576658166,-0.879999995231628,5.82229145063983e-15,1.0003616809845,2.99028754234314,-0.659999966621399,8.29677295684814,1.03674685955048,4.36271333694458,"Bare",12.1557569522411,12.1557569522411,3815.30266337446,2491.73502691887,3.52,224235.2815,8117095.1889
"Onetahi_Leeward_08D",2.5,51.2234983492,103.059818199,20.6117491746,-0.763350677779979,1.92384109284739,1.00303279091087,2.68023909814656,0.026433956378099,1.23706240628966,0.00224924195043805,0.173125689120176,-0.870000004768372,5.52997159257554e-16,1.00027763843536,2.18978977203369,-0.669999957084656,7.36290168762207,1.01442885398865,3.42615628242493,"Bare",0,0,9990.47084918434,2533.11281812683,3.52,224190.00055,8117107.21375
"Onetahi_Leeward_09E",2.5,69.736302604,149.341948672,29.868151302,-0.849199256970178,2.56332876003868,1.00413639533958,1.75066606428593,0.0454550971876354,1.71171692678838,0.00315772469847836,0.168236621442114,-1.0900000333786,2.95525666011408e-15,1.00032639503479,1.19793033599854,-0.75,13.3511848449707,1.0315762758255,2.41798329353333,"Bare",0,0,10193.2788304631,2564.77941053438,3.52,224149.03505,8117111.1563
"Onetahi_Leeward_10B",2.5,69.0763250371,147.691764651,29.5381625186,-1.00065890843727,2.7055048646361,1.00324971571137,3.74763872130314,0.0798995344729262,2.07063430944153,0.00496380350638098,0.223499672456861,-1.28999996185303,0,0.99989116191864,2.903480052948,-0.799999952316284,15.9227857589722,1.03991961479187,4.32328033447266,"Bare",0,0,4314.78827320389,2649.79315037576,3.52,224086.6734,8117041.2293
"Onetahi_Leeward_11D",2.5,74.7957824612,161.991290699,32.3978912306,-0.927866273006025,4.34190409420925,1.021457816897,3.3761118004249,0.0832027746714202,5.5106674782262,0.0584198844895551,0.282687820316784,-1.12999999523163,1.23142899245427e-15,1.00064730644226,2.26003265380859,-0.259999990463257,48.8965606689453,1.55788516998291,5.00013732910156,"Bare",22.5438133345342,22.5438133345342,4241.72855762117,2836.22239853987,3.52,223927.2133,8116937.90115
"Reiono_Leeward_01E",2.5,73.1809122387,157.952223569,31.5904561193,-0.575398619853147,13.7951195053841,1.09791968888465,6.35222988628309,0.213931343134437,10.5589265071078,0.0947627062858295,0.536017141361931,-1.11000001430511,2.93514153344092e-15,1.0010712146759,4.51749086380005,-0.229999989271164,49.8321685791016,1.57001292705536,7.90796804428101,"Live Coral",136.688659870764,157.952223568369,2550.42348165635,511.099491361152,93.64,228765.40915,8113484.2802
"Reiono_Leeward_02D",2.5,66.0039338221,140.007307232,28.0019669111,-0.792874579203474,12.1394440078084,1.06252794710386,6.55625966338866,0.309536170798965,10.7966214411204,0.0784798401369726,0.446139262443061,-1.58999991416931,0.318306297063828,1.00009155273438,5.18073844909668,-0.259999990463257,61.6157302856445,1.52746939659119,7.93209028244019,"Live Coral",97.2400147927401,140.007307230058,2534.6299680376,570.872730081816,93.64,228767.5817,8113546.37585
"Reiono_Leeward_03B",2.5,84.3367879313,185.839683,37.1683939656,-1.14811226842422,10.6812009334218,1.05027916539904,8.73915977745758,0.245646878586059,11.8086420843658,0.108799851654963,0.5020673328982,-1.73000001907349,2.5483702808019e-14,0.99985134601593,7.50530910491943,-0.280000001192093,64.9590530395508,1.93164610862732,11.0587406158447,"Live Coral",97.5332285143668,166.516962163907,2792.12528556127,664.633303430587,93.64,228780.74165,8113656.28645
"Reiono_Windward_01E",2.5,65.4194572099,138.54871061,27.7097286049,-0.624567324570735,9.94781938158388,1.05410876433882,5.00229895355334,0.147609281196468,7.01419009919416,0.0488278341485593,0.457968339090379,-0.979999959468842,0.318306297063828,1.00127553939819,3.6442756652832,-0.259999990463257,44.4088592529297,1.28869235515594,6.36071157455444,"Live Coral",138.548710610252,138.548710610252,53493.6801238196,624.030797063995,93.64,229247.91935,8113638.401
"Reiono_Windward_02D",2.5,76.2615659453,165.655948017,33.1307829727,-0.814041263363661,9.61124822895595,1.03851165420526,6.31608293549902,0.205704158711876,6.96777546213262,0.0412067484371153,0.369185039766244,-1.4099999666214,0.318304419517517,0.999218940734863,5.13389682769775,-0.349999994039536,48.6342697143555,1.26631486415863,7.67978191375732,"Live Coral",147.055043530534,148.939601745369,53472.2298861004,663.70579699511,93.64,229202.55775,8113690.24335
"Reiono_Windward_03B",2.5,70.5210279306,151.302458375,30.2605139653,-0.887497006641982,8.06883407884701,1.01951664303486,7.47448027573358,0.198437920339927,4.96394906257178,0.0243964440275214,0.582033279598258,-1.44999992847443,0.318306297063828,0.997035801410675,5.82900190353394,-0.479999989271164,30.9648380279541,1.19407594203949,8.8061695098877,"Bare",25.160844101687,33.3389826483326,53198.951602978,673.727016410435,93.64,229180.86355,8113699.70555
"Rimatuu_Leeward_01E",2.5,70.5867291589,151.469055259,30.2933645794,-0.886192148884986,14.0457565461507,1.10224819473242,1.8290457136549,0.411825882219911,14.5546644135151,0.114424190223883,0.675178211358174,-1.37999999523163,2.0932106891444e-14,1.00017762184143,0.534534096717834,-0.159999996423721,60.2830619812012,1.70168244838715,4.0781569480896,"Live Coral",135.007654006127,151.469055258727,2728.32705683423,194.634922747604,31.92,227344.6257,8115433.09865
"Rimatuu_Leeward_02D",2.5,71.2083556132,153.023326616,30.6041778066,-0.791343089335126,16.744898124734,1.11281313106112,3.00238770068216,0.349693036327847,14.1873974190377,0.114790830866651,0.597531214636064,-1.3199999332428,0.318302512168884,1.00011050701141,0.836781859397888,-0.159999996423721,60.3541145324707,1.77604126930237,5.93478536605835,"Live Coral",119.179036494112,153.023326615454,2496.79060531887,241.934289532859,31.92,227366.57945,8115477.23795
"Rimatuu_Leeward_03B",2.5,67.6474516652,144.11755822,28.8237258326,-0.666662484752014,14.8929524193332,1.10725312665105,3.90011148199439,0.28532282362745,11.3084658247574,0.110198664285868,0.587473069998161,-1.29999995231628,0.318306297063828,1.00051510334015,1.64943850040436,-0.189999997615814,59.7357902526855,1.7736896276474,5.85297393798828,"Live Coral",144.117558220867,144.117558220867,2391.51688357358,271.48888492363,31.92,227384.5101,8115499.12175
"Rimatuu_Leeward_04E",2.5,67.2399861058,143.09783319,28.6199930529,-0.610138437118149,16.0056268826943,1.10424836054022,1.68392622962247,0.261226717333887,11.9700712213913,0.082171679597119,0.487767047668632,-1.68999993801117,0.31830820441246,1.00710678100586,0,-0.199999988079071,62.4063301086426,1.5965268611908,3.21873712539673,"Live Coral",143.097833190579,143.097833190579,2694.67697421869,332.501646454067,31.92,227338.70615,8115600.34405
"Rimatuu_Leeward_05D",2.5,60.6326725476,126.580378257,25.3163362738,-1.09949535298788,14.9799289878397,1.07207333999233,2.26088855164053,0.46055174837189,14.0088608446709,0.077367827748902,0.631077988817675,-1.75999999046326,2.2368759473282e-14,1.00064098834991,0.722498834133148,-0.189999997615814,61.5610466003418,1.45538687705994,4.1230149269104,"Live Coral",98.4138971384964,126.580378254555,2529.06884466457,373.760848433763,31.92,227366.64725,8115630.66425
"Rimatuu_Leeward_06B",2.5,63.0127422309,132.529854594,26.5063711154,-1.12548165690543,15.2958516076591,1.0778665547455,3.37792588525744,0.442542103850129,13.992438289305,0.0911674716000713,0.563460730825385,-1.77999997138977,0.318306297063828,0.9859818816185,2.1659848690033,-0.229999989271164,58.6185111999512,1.69771099090576,5.06317806243896,"Live Coral",109.111979129229,132.529854594301,2403.50499122178,429.652332366998,31.92,227399.91845,8115677.00025
"Rimatuu_Windward_01E",2.5,75.5042235076,163.762451443,32.7521117538,-0.821506302924586,18.9344841646519,1.18133068287877,5.58179933871457,0.382305740802132,13.5920621934191,0.15823853181862,0.614119841757285,-1.73000001907349,0.636594891548157,1.00035285949707,3.48274755477905,-0.159999996423721,68.0721206665039,2.27370738983154,9.5493631362915,"Live Coral",163.211066538817,163.762451446099,47586.2948465521,692.302085350402,31.92,227915.654150001,8114955.76865
"Rimatuu_Windward_02D",2.5,68.8137325009,147.033665499,29.4068662505,-0.796970605266576,19.2629662154099,1.18044988623156,6.45598121313891,0.260130331382364,13.3800232011487,0.161606876814494,0.609012840396846,-1.48000001907349,0.318306297063828,0.99882173538208,4.3560528755188,-0.179999992251396,61.0747413635254,1.84195899963379,9.03695869445801,"Live Coral",120.183817075973,147.033665500232,47584.0624369833,689.677039763971,31.92,227918.28715,8114978.4486
"Rimatuu_Windward_03B",2.5,74.9765618906,162.438115883,32.4882809453,-0.918946764289408,11.1529673527262,1.06421299116839,7.40900816357057,0.242321224078666,9.46295830986378,0.0913197007925113,0.449404484607734,-1.45999991893768,2.68315170615097e-06,1.00004243850708,5.48560523986816,-0.219999998807907,50.0742874145508,1.50484347343445,9.30805015563965,"Live Coral",103.008473095921,162.438115882513,44493.9182653344,689.427095268958,31.92,227928.80455,8115017.34375
"Tauini_Auroa_Leeward_01B",2.5,78.1784134622,170.446232044,34.0892067311,-1.39995242227843,20.5666115868205,1.13234280658285,12.6645289333926,0.655480978555049,17.4015861717946,0.139573103841688,1.21279944627379,-2.93999981880188,0.318310111761093,1.00046694278717,10.0196619033813,-0.239999994635582,69.5822677612305,1.99462568759918,18.4073390960693,"Live Coral",99.0240071784938,159.630005388113,2638.02055478701,1058.24959737082,47.15,227000.1948,8120033.12145
"Tauini_Auroa_Leeward_02D",2.5,77.6605150534,169.149192441,33.8302575267,-1.32584571423049,23.7066789394522,1.16698393691727,11.8373496250903,0.683645107018425,20.1243584487144,0.207648317388861,1.15522866261046,-2.83999991416931,0.318306297063828,0.989728391170502,7.94127988815308,-0.259999990463257,73.2458648681641,2.39806962013245,16.2047729492188,"Live Coral",96.2368737080833,150.110732034598,2847.36539982336,1093.1296870246,47.15,226969.011,8120070.97285
"Tauini_Auroa_Leeward_03E",2.5,75.324915791,163.312927796,32.6624578955,-1.24087957448852,17.6085383452479,1.13205017461562,11.3152477213024,0.343034717978017,16.4614483040472,0.162623368299022,0.539797819794988,-1.66999995708466,0.318306297063828,1.00084662437439,8.52031517028809,-0.280000001192093,62.2541694641113,2.01287055015564,13.1404190063477,"Live Coral",95.7476089338306,160.837057764798,3152.65996622249,1121.45268548102,47.15,226956.0986,8120100.9242
